ZOOL 409 student sign up (only one student per chemical),Contact (https://www.boisestate.edu/research-gutt-c/) in GUTT group who provided list,Study organism(s),Chemical name,CAS,IUPAC identifier,SMILES notation (2.1.4 PubChem),Links to structures (if available),Chemical formula,M/Z,Molecular weight,literature reference
,Marjorie Matocq UNR,Prunus fasciculata,Prunasin,,"

",,,,,,
,Marjorie Matocq UNR,Prunus fasciculata,amygdalin,,https://pubchem.ncbi.nlm.nih.gov/compound/656516,,,,,,
,Marjorie Matocq UNR,Frangula californica,Emodin,,https://pubchem.ncbi.nlm.nih.gov/compound/3220,,,,,,
,Casey Philbin UNR,Eriogonum spp.,Hordenine,,https://pubchem.ncbi.nlm.nih.gov/compound/68313,,,,,,
,Casey Philbin UNR,Eriogonum spp.,N-methyl-4-methoxyphenethylamine,,https://pubchem.ncbi.nlm.nih.gov/compound/104735,,,,,,
,"Deb Conner from Turi (https://doi.org/10.1016/j.phytochem.2013.11.016) (BSU, Forbey lab,https://www.boisestate.edu/biology/faculty-and-staff/faculty/jennifer-forbey/)",Sagebrush (Artemisia spp),Chrysanthemol,5617-92-5,"[2,2-dimethyl-3-(2-methylprop-1-enyl)cyclopropyl]methanol",,,,,,
,Deb Conner (BSU),Sagebrush (Artemisia spp),Trans-chrysanthemal,,"(1R,3R)-2,2-dimethyl-3-(2-methylprop-1-enyl)cyclopropane-1-carbaldehyde",,,,,,
,Deb Conner (BSU),Sagebrush (Artemisia spp),Methyl santolinate,,"methyl 3-ethenyl-2,5-dimethylhex-4-enoate",,,,,,
,Deb Conner (BSU),Sagebrush (Artemisia spp),Santolina triene,2153-66-4,"3-ethenyl-2,5-dimethylhexa-1,4-diene",,,,,,
,Deb Conner (BSU),Sagebrush (Artemisia spp),Oxidosantolinatriene,,,,,,,,
,Deb Conner (BSU),Sagebrush (Artemisia spp),Artemisia triene,18383-70-5,"(3E)-2,5,5-trimethylhepta-1,3,6-triene",,,,,,
,Deb Conner (BSU),Sagebrush (Artemisia spp),Santolinolide-A,14804-52-5,"(3S,3aS,5aR,9R,9aS,9bS)-3,5a,9-trimethyl-3,3a,4,5,6,7,8,9,9a,9b-decahydrobenzo[g][1]benzofuran-2-one",,,,,,
,Deb Conner (BSU),Sagebrush (Artemisia spp),Santolinolide-B,,,,,,,,
,Deb Conner (BSU),Sagebrush (Artemisia spp),"Artemiseole, artemeseole, arthole",660485-46-3,"6-ethenyl-1,4,4-trimethyl-3-oxabicyclo[3.1.0]hexane",,,,,,
,Deb Conner (BSU),Sagebrush (Artemisia spp),Rothrockene,,,,,,,,
,Deb Conner (BSU),Sagebrush (Artemisia spp),Neolyratol,90823-34-0,(3S)-3-ethenyl-5-methyl-2-methylidenehex-4-en-1-ol,,,,,,
,Deb Conner (BSU),Sagebrush (Artemisia spp),"1,6,6-Trimethyl-4-ethenyl-exo2-oxabicyclo[3.1.0]hexane",,,,,,,,
,Deb Conner (BSU),Sagebrush (Artemisia spp),Lavandulol,498-16-8,(2R)-5-methyl-2-prop-1-en-2-ylhex-4-en-1-ol,,,,,,
,Deb Conner (BSU),Sagebrush (Artemisia spp),Arbusculone,,"(e)-2-acetyl-5-methyl-5-ethenyl-tetrahydro-furan

5-Methyl-5-vinyltetrahydrofur-2-yl methyl ketone  1-(5-Ethenyl-5-methyloxolan-2-yl)ethanone",,,,,,
,Deb Conner (BSU),Sagebrush (Artemisia spp),"2,2-Dimethyl-6-isopropenyl-2Hpyran",,,,,,,,
,Deb Conner (BSU),Sagebrush (Artemisia spp),"2,3-Dimethyl-6-isopropyl-4Hpyran",,,,,,,,
,Deb Conner (BSU),Sagebrush (Artemisia spp),"2-Isopropenyl-5-methylhexatrans-3,5-dien-1-ol",,,,,,,,
,Deb Conner (BSU),Sagebrush (Artemisia spp),Alpha-pinene,80-56-8,"2,6,6-trimethylbicyclo[3.1.1]hept-2-ene",,,,,,
,Deb Conner (BSU),Sagebrush (Artemisia spp),Camphor,76-22-2,"1,7,7-trimethylbicyclo[2.2.1]heptan-2-one",,,,,,
,Deb Conner (BSU),Sagebrush (Artemisia spp),Methacroleine,78-85-3,2-methylprop-2-enal,,,,,,
,Deb Conner (BSU),Sagebrush (Artemisia spp),p-Cymene,99-87-6,1-methyl-4-propan-2-ylbenzene,,,,,,
,Deb Conner (BSU),Sagebrush (Artemisia spp),Camphene,79-92-5,"2,2-dimethyl-3-methylidenebicyclo[2.2.1]heptane",,,,,,
,Deb Conner (BSU),Sagebrush (Artemisia spp),"Eucalyptol, 1,8-cineole, cineole",470-82-6,"1,3,3-trimethyl-2-oxabicyclo[2.2.2]octane",,,,,,
,Deb Conner (BSU),Sagebrush (Artemisia spp),"2,2,-Dimethyl-6acetyl-2H-pyran",,,,,,,,
,Deb Conner (BSU),Sagebrush (Artemisia spp),6-3-Carene,,,,,,,,
,Deb Conner (BSU),Sagebrush (Artemisia spp),Alpha-phellandrene,99-83-2,"2-methyl-5-propan-2-ylcyclohexa-1,3-diene",,,,,,
,Deb Conner (BSU),Sagebrush (Artemisia spp),Alpha-santolina alcohol,,,,,,,,
,Deb Conner (BSU),Sagebrush (Artemisia spp),Alpha-terpinene,99-86-5,"1-methyl-4-propan-2-ylcyclohexa-1,3-diene",,,,,,
,Deb Conner (BSU),Sagebrush (Artemisia spp),Alpha-terpineol,98-55-5,2-(4-methylcyclohex-3-en-1-yl)propan-2-ol,,,,,,
,Deb Conner (BSU),Sagebrush (Artemisia spp),Alpha-thujene,2867-05-02,2-methyl-5-propan-2-ylbicyclo[3.1.0]hex-2-ene,,,,,,
,Deb Conner (BSU),Sagebrush (Artemisia spp),Alpha-thujone,546-80-5,"(1S,4R,5R)-4-methyl-1-propan-2-ylbicyclo[3.1.0]hexan-3-one",,,,,,
,Deb Conner (BSU),Sagebrush (Artemisia spp),Artemisia acetate,3465-88-1,"3,3,6-trimethylhepta-1,5-dien-4-yl acetate",,,,,,
,Deb Conner (BSU),Sagebrush (Artemisia spp),Artemisia alcohol,27644-04-08,"3,3,6-trimethylhepta-1,5-dien-4-ol",,,,,,
,Deb Conner (BSU),Sagebrush (Artemisia spp),Artemisia ketone,546-49-6,"3,3,6-trimethylhepta-1,5-dien-4-one",,,,,,
,Deb Conner (BSU),Sagebrush (Artemisia spp),Artemisyl acetate,3465-88-1,"3,3,6-trimethylhepta-1,5-dien-4-yl acetate",,,,,,
,Deb Conner (BSU),Sagebrush (Artemisia spp),Beta-ocimene,3779-61-1,"(3E)-3,7-dimethylocta-1,3,6-triene",,,,,,
,Deb Conner (BSU),Sagebrush (Artemisia spp),Beta-pinene,127-91-3,"6,6-dimethyl-2-methylidenebicyclo[3.1.1]heptane",,,,,,
,Deb Conner (BSU),Sagebrush (Artemisia spp),Beta-thujone,471-15-8,"(1S,4S,5R)-4-methyl-1-propan-2-ylbicyclo[3.1.0]hexan-3-one",,,,,,
,Deb Conner (BSU),Sagebrush (Artemisia spp),Borneol,507-70-0,"1,7,7-trimethylbicyclo[2.2.1]heptan-2-ol",,,,,,
,Deb Conner (BSU),Sagebrush (Artemisia spp),Bornyl acetate,76-49-3,"[(1S,2R,4S)-1,7,7-trimethyl-2-bicyclo[2.2.1]heptanyl] acetate",,,,,,
,Deb Conner (BSU),Sagebrush (Artemisia spp),Carvacrol,499-75-2,2-methyl-5-propan-2-ylphenol,,,,,,
,Deb Conner (BSU),Sagebrush (Artemisia spp),Carvone,99-49-0,2-methyl-5-prop-1-en-2-ylcyclohex-2-en-1-one,,,,,,
,Deb Conner (BSU),Sagebrush (Artemisia spp),Chrysanthemyl acetate,,,,,,,,
,Deb Conner (BSU),Sagebrush (Artemisia spp),Chrysanthenone,0473-06-03,"2,7,7-trimethylbicyclo[3.1.1]hept-2-en-6-one",,,,,,
,Deb Conner (BSU),Sagebrush (Artemisia spp),Cis-sabinene hydrate,,"(1S,4R)-4-methyl-1-propan-2-ylbicyclo[3.1.0]hexane",,,,,,
,Deb Conner (BSU),Sagebrush (Artemisia spp),Fenchone,1195-79-5,"1,3,3-trimethylbicyclo[2.2.1]heptan-2-one",,,,,,
,Deb Conner (BSU),Sagebrush (Artemisia spp),Fenchyl alcohol (fenchol),1632-73-1,"1,3,3-trimethylbicyclo[2.2.1]heptan-2-ol",,,,,,
,Deb Conner (BSU),Sagebrush (Artemisia spp),Filifolone,4613-37-0,"4,7,7-trimethylbicyclo[3.2.0]hept-3-en-6-one",,,,,,
,Deb Conner (BSU),Sagebrush (Artemisia spp),Fraganol,,,,,,,,
,Deb Conner (BSU),Sagebrush (Artemisia spp),Fraganyl acetate,,,,,,,,
,Deb Conner (BSU),Sagebrush (Artemisia spp),Gamma-terpinene,99-85-4,"1-methyl-4-propan-2-ylcyclohexa-1,4-diene",,,,,,
,Deb Conner (BSU),Sagebrush (Artemisia spp),Geranyl acetate,105-87-3,"[(2E)-3,7-dimethylocta-2,6-dienyl] acetate",,,,,,
,Deb Conner (BSU),Sagebrush (Artemisia spp),Geranyl isobutanoate,2345-24-6,"[(2Z)-3,7-dimethylocta-2,6-dienyl] 2-methylpropanoate",,,,,,
,Deb Conner (BSU),Sagebrush (Artemisia spp),Isolyratol,96203-74-6,"4-ethenyl-2,5-dimethylhexa-1,5-dien-3-ol",,,,,,
,Deb Conner (BSU),Sagebrush (Artemisia spp),Isopulegol,89-79-2,"(1R,2S,5R)-5-methyl-2-prop-1-en-2-ylcyclohexan-1-ol",,,,,,
,Deb Conner (BSU),Sagebrush (Artemisia spp),Limonene,138-86-3,1-methyl-4-prop-1-en-2-ylcyclohexene,,,,,,
,Deb Conner (BSU),Sagebrush (Artemisia spp),Lyratal,,"(2E,4S)-4-ethenyl-2,5-dimethylhexa-2,5-dienal",,,,,,
,Deb Conner (BSU),Sagebrush (Artemisia spp),Lyratol,,"(2E)-4-ethenyl-2,5-dimethylhexa-2,5-dien-1-ol",,,,,,
,Deb Conner (BSU),Sagebrush (Artemisia spp),Lyratyl acetate,79549-21-6,"[(2E)-4-ethenyl-2,5-dimethylhexa-2,5-dienyl] acetate",,,,,,
,Deb Conner (BSU),Sagebrush (Artemisia spp),Myrcene,123-35-3,"7-methyl-3-methylideneocta-1,6-diene",,,,,,
,Deb Conner (BSU),Sagebrush (Artemisia spp),Myrtenol,515-00-4,"(6,6-dimethyl-2-bicyclo[3.1.1]hept-2-enyl)methanol",,,,,,
,Deb Conner (BSU),Sagebrush (Artemisia spp),Neral,5392-40-5,"(2Z)-3,7-dimethylocta-2,6-dienal",,,,,,
,Deb Conner (BSU),Sagebrush (Artemisia spp),Neryl isovalerate,3915-83-1,"[(2Z)-3,7-dimethylocta-2,6-dienyl] 3-methylbutanoate",,,,,,
,Deb Conner (BSU),Sagebrush (Artemisia spp),Nor-chrysanthemic acid methyl ester,,,,,,,,
,Deb Conner (BSU),Sagebrush (Artemisia spp),p-Cymene acetate,,,,,,,,
,Deb Conner (BSU),Sagebrush (Artemisia spp),Pinene,,,,,,,,
,Deb Conner (BSU),Sagebrush (Artemisia spp),Pinocarvone,30460-92-5,"6,6-dimethyl-2-methylidenebicyclo[3.1.1]heptan-3-one",,,,,,
,Deb Conner (BSU),Sagebrush (Artemisia spp),Sabinene,3387-41-5,4-methylidene-1-propan-2-ylbicyclo[3.1.0]hexane,,,,,,
,Deb Conner (BSU),Sagebrush (Artemisia spp),Sabinol,471-16-9,"(1S,3R,5S)-4-methylidene-1-propan-2-ylbicyclo[3.1.0]hexan-3-ol",,,,,,
,Deb Conner (BSU),Sagebrush (Artemisia spp),Sabinyl acetate,3536-54-7,(4-methylidene-1-propan-2-yl-3-bicyclo[3.1.0]hexanyl) acetate,,,,,,
,Deb Conner (BSU),Sagebrush (Artemisia spp),Santolina epoxide,,"2-methyl-2-(5-methylhexa-1,4-dien-3-yl)oxirane",,,,,,
,Deb Conner (BSU),Sagebrush (Artemisia spp),Santolinic acid,58191-71-2,"(2R,3S)-3-ethenyl-2,5-dimethylhex-4-enoic acid",,,,,,
,Deb Conner (BSU),Sagebrush (Artemisia spp),Santolinolide-B,70898-18-9,"(3R,4S,5S)-4-ethenyl-3-methyl-5-prop-1-en-2-yloxolan-2-one",,,,,,
,Deb Conner (BSU),Sagebrush (Artemisia spp),Santolinyl ester,,,,,,,,
,Deb Conner (BSU),Sagebrush (Artemisia spp),Satonlinolide-C,,,,,,,,
,Deb Conner (BSU),Sagebrush (Artemisia spp),Terpinen-4-ol,562-74-3,4-methyl-1-propan-2-ylcyclohex-3-en-1-ol,,,,,,
,Deb Conner (BSU),Sagebrush (Artemisia spp),Terpineol,98-55-5,2-(4-methylcyclohex-3-en-1-yl)propan-2-ol,,,,,,
,Deb Conner (BSU),Sagebrush (Artemisia spp),Terpinolene,586-62-9,1-methyl-4-propan-2-ylidenecyclohexene,,,,,,
,Deb Conner (BSU),Sagebrush (Artemisia spp),"Thuja-2,4(10)-diene",36262-09-06,4-methylidene-1-propan-2-ylbicyclo[3.1.0]hex-2-ene,,,,,,
,Deb Conner (BSU),Sagebrush (Artemisia spp),Thujone,546-80-5,"(1S,4R,5R)-4-methyl-1-propan-2-ylbicyclo[3.1.0]hexan-3-one",,,,,,
,Deb Conner (BSU),Sagebrush (Artemisia spp),Thujyl alcohol,513-23-5,4-methyl-1-propan-2-ylbicyclo[3.1.0]hexan-3-ol,,,,,,
,Deb Conner (BSU),Sagebrush (Artemisia spp),"propenyl)-2,2- dimethylcyclopropylmethanol",,,,,,,,
,Deb Conner (BSU),Sagebrush (Artemisia spp),Trans-carveol,2102-58-1,"(1S,5R)-2-methyl-5-prop-1-en-2-ylcyclohex-2-en-1-ol",,,,,,
,Deb Conner (BSU),Sagebrush (Artemisia spp),Trans-isocarveol,,,,,,,,
,Deb Conner (BSU),Sagebrush (Artemisia spp),Trans-para-menth-2-en-1-ol,29803-81-4,"(1R,4S)-1-methyl-4-propan-2-ylcyclohex-2-en-1-ol",,,,,,
,Deb Conner (BSU),Sagebrush (Artemisia spp),Trans-pinocarveol,1674-08-04,"(1R,3S,5R)-6,6-dimethyl-2-methylidenebicyclo[3.1.1]heptan-3-ol",,,,,,
,Deb Conner (BSU),Sagebrush (Artemisia spp),Trans-piperitol,16721-39-4,"(1R,6R)-3-methyl-6-propan-2-ylcyclohex-2-en-1-ol",,,,,,
,Deb Conner (BSU),Sagebrush (Artemisia spp),Tricyclene,508-32-7,"1,7,7-trimethyltricyclo[2.2.1.02,6]heptane",,,,,,
,Deb Conner (BSU),Sagebrush (Artemisia spp),Yomogi alcohol,26127-98-0,"(3E)-2,5,5-trimethylhepta-3,6-dien-2-ol",,,,,,
,Deb Conner (BSU),Sagebrush (Artemisia spp),Arbusculin-A,27652-22-8,"(3aS,5aR,9R,9aS,9bS)-9-hydroxy-5a,9-dimethyl-3-methylidene-3a,4,5,6,7,8,9a,9b-octahydrobenzo[g][1]benzofuran-2-one",,,,,,
,Deb Conner (BSU),Sagebrush (Artemisia spp),Arbusculin-B,4164-19-0,"(3aS,5aR,9bS)-5a,9-dimethyl-3-methylidene-4,5,6,7,8,9b-hexahydro-3aH-benzo[g][1]benzofuran-2-one",,,,,,
,Deb Conner (BSU),Sagebrush (Artemisia spp),Arbusculin-C,33530-71-1,"(3aS,5aR,9aR,9bS)-9a-hydroxy-5a-methyl-3,9-dimethylidene-4,5,6,7,8,9b-hexahydro-3aH-benzo[g][1]benzofuran-2-one",,,,,,
,Deb Conner (BSU),Sagebrush (Artemisia spp),Arbusculin D,145613-48-5,"(5aR,9R,9aS,9bR)-9-hydroxy-3-(hydroxymethyl)-5a,9-dimethyl-5,6,7,8,9a,9b-hexahydro-4H-benzo[g][1]benzofuran-2-one",,,,,,
,Deb Conner (BSU),Sagebrush (Artemisia spp),Arbusculin-E,27652-24-0,"2-[(1S,2S,4aR,8R,8aS)-1,8-dihydroxy-4a,8-dimethyl-1,2,3,4,5,6,7,8a-octahydronaphthalen-2-yl]prop-2-enoic acid",,,,,,
,Deb Conner (BSU),Sagebrush (Artemisia spp),Colartin,24493-40-1,"(3S,3aS,5aR,9R,9aS,9bS)-9-hydroxy-3,5a,9-trimethyl-3a,4,5,6,7,8,9a,9b-octahydro-3H-benzo[g][1]benzofuran-2-one",,,,,,
,Deb Conner (BSU),Sagebrush (Artemisia spp),Ridentin B,41653-78-5,"(3aS,5aR,6R,8S,9aS,9bS)-6,8-dihydroxy-5a-methyl-3,9-dimethylidene-3a,4,5,6,7,8,9a,9b-octahydrobenzo[g][1]benzofuran-2-one",,,,,,
,Deb Conner (BSU),Sagebrush (Artemisia spp),Rothin-A,33530-72-2,"(3aR,4S,5aR,9bS)-4-hydroxy-5a,9-dimethyl-3-methylidene-4,5,6,7,8,9b-hexahydro-3aH-benzo[g][1]benzofuran-2-one",,,,,,
,Deb Conner (BSU),Sagebrush (Artemisia spp),Rothin-B,33530-73-3,"(3aR,4S,5aR,9aR,9bS)-4,9a-dihydroxy-5a-methyl-3,9-dimethylidene-4,5,6,7,8,9b-hexahydro-3aH-benzo[g][1]benzofuran-2-one",,,,,,
,Deb Conner (BSU),Sagebrush (Artemisia spp),"1-Beta-hydroxysant-3- en-6,12-olide-C(W-A)",,,,,,,,
,Deb Conner (BSU),Sagebrush (Artemisia spp),"1-Beta-hydroxysant4(14)-en-6,12-olideC(W-B)",,,,,,,,
,Deb Conner (BSU),Sagebrush (Artemisia spp),Artevasin,41744-43-8,"(10Z)-4,9-dihydroxy-10-methyl-3,6-dimethylidene-4,5,7,8,9,11a-hexahydro-3aH-cyclodeca[b]furan-2-one",,,,,,
,Deb Conner (BSU),Sagebrush (Artemisia spp),Novanin,41743-61-7,"[(3aS,6Z,9S,10Z,11aR)-6,10-dimethyl-3-methylidene-2-oxo-3a,4,5,8,9,11a-hexahydrocyclodeca[b]furan-9-yl] acetate",,,,,,
,Deb Conner (BSU),Sagebrush (Artemisia spp),Badgerin,32557-05-04,"(1R,2S,3S,7S,10S,13S)-2,13-dihydroxy-13-methyl-4,9-dimethylidene-6,14-dioxatricyclo[8.3.1.03,7]tetradecan-5-one",,,,,,
,Deb Conner (BSU),Sagebrush (Artemisia spp),Deacetyllaurenobiolide,,"(4S,5E,9E)-4-hydroxy-6,10-dimethyl-3-methylidene-3a,4,7,8,11,11a-hexahydrocyclodeca[b]furan-2-one",,,,,,
,Deb Conner (BSU),Sagebrush (Artemisia spp),Spiciformin,41653-77-4,"(8E)-2-hydroxy-5,9-dimethyl-14-methylidene-4,12-dioxatricyclo[9.3.0.03,5]tetradec-8-en-13-one",,,,,,
,Deb Conner (BSU),Sagebrush (Artemisia spp),Tatridin-A,,"(3aS,4R,5E,9S,10Z,11aS)-4,9-dihydroxy-6,10-dimethyl-3-methylidene-3a,4,7,8,9,11a-hexahydrocyclodeca[b]furan-2-one",,,,,,
,Deb Conner (BSU),Sagebrush (Artemisia spp),Tatridin-B,,"(3aS,4R,5E,9R,11aS)-4,9-dihydroxy-6-methyl-3,10-dimethylidene-4,7,8,9,11,11a-hexahydro-3aH-cyclodeca[b]furan-2-one",,,,,,
,Deb Conner (BSU),Sagebrush (Artemisia spp),Arbiglovin,4668-72-8,"(3aS,6R,6aS,9aS,9bS)-6,9-dimethyl-3-methylidene-4,5,6,6a,9a,9b-hexahydro-3aH-azuleno[4,5-b]furan-2,7-dione",,,,,,
,Deb Conner (BSU),Sagebrush (Artemisia spp),Artecanin,29431-84-3,"(1S,2R,5S,9S,10S,11R,13S,14R)-2-hydroxy-2,11-dimethyl-6-methylidene-8,12,15-trioxapentacyclo[8.5.0.01,14.05,9.011,13]pentadecan-7-one",,,,,,
,Deb Conner (BSU),Sagebrush (Artemisia spp),Canin,24959-84-0,"(1R,2R,5S,9S,10S,11S,13R,14S)-2-hydroxy-2,11-dimethyl-6-methylidene-8,12,15-trioxapentacyclo[8.5.0.01,14.05,9.011,13]pentadecan-7-one",,,,,,
,Deb Conner (BSU),Sagebrush (Artemisia spp),Cumambrin A,20482-33-1,"[(3aR,4S,6R,6aR,9aR,9bR)-6-hydroxy-6,9-dimethyl-3-methylidene-2-oxo-4,5,6a,7,9a,9b-hexahydro-3aH-azuleno[4,5-b]furan-4-yl] acetate",,,,,,
,Deb Conner (BSU),Sagebrush (Artemisia spp),Cumambrin B,21982-83-2,"(3aR,4S,6R,6aR,9aR,9bR)-4,6-dihydroxy-6,9-dimethyl-3-methylidene-4,5,6a,7,9a,9b-hexahydro-3aH-azuleno[4,5-b]furan-2-one",,,,,,
,Deb Conner (BSU),Sagebrush (Artemisia spp),8-Deoxycumambrin B,,,,,,,,
,Deb Conner (BSU),Sagebrush (Artemisia spp),Cumambrin B oxide,,,,,,,,
,Deb Conner (BSU),Sagebrush (Artemisia spp),Matricarin,5989-43-5,"[(3S,3aR,4S,9aS,9bR)-3,6,9-trimethyl-2,7-dioxo-3,3a,4,5,9a,9b-hexahydroazuleno[4,5-b]furan-4-yl] acetate",,,,,,
,Deb Conner (BSU),Sagebrush (Artemisia spp),Deacetoxymatricarin,17946-87-1,"(3S,3aS,9aS,9bS)-3,6,9-trimethyl-3,3a,4,5,9a,9b-hexahydroazuleno[4,5-b]furan-2,7-dione",,,,,,
,Deb Conner (BSU),Sagebrush (Artemisia spp),Deacetylmatricarin,10180-88-8,"(3S,3aR,4S,9aS,9bR)-4-hydroxy-3,6,9-trimethyl-3,3a,4,5,9a,9b-hexahydroazuleno[4,5-b]furan-2,7-dione",,,,,,
,Deb Conner (BSU),Sagebrush (Artemisia spp),Rupicolin A,41653-82-1,"(3aR,4S,6aS,9aR,9bS)-4,6a-dihydroxy-6,9-dimethyl-3-methylidene-4,7,9a,9b-tetrahydro-3aH-azuleno[4,5-b]furan-2-one",,,,,,
,Deb Conner (BSU),Sagebrush (Artemisia spp),Rupicolin B,41653-83-2,"(3aR,4S,6aS,9aR,9bS)-4,6a-dihydroxy-9-methyl-3,6-dimethylidene-3a,4,5,7,9a,9b-hexahydroazuleno[4,5-b]furan-2-one",,,,,,
,Deb Conner (BSU),Sagebrush (Artemisia spp),Rupin A,41653-84-3,"(1S,2R,4S,5R,9S,10S,11R,13S,14R)-2,4-dihydroxy-2,11-dimethyl-6-methylidene-8,12,15-trioxapentacyclo[8.5.0.01,14.05,9.011,13]pentadecan-7-one",,,,,,
,Deb Conner (BSU),Sagebrush (Artemisia spp),Rupin B,41653-85-4,"[(1R,2R,4S,5R,9S,10S,11S,13R,14S)-2-hydroxy-2,11-dimethyl-6-methylidene-7-oxo-8,12,15-trioxapentacyclo[8.5.0.01,14.05,9.011,13]pentadecan-4-yl] acetate",,,,,,
,Deb Conner (BSU),Sagebrush (Artemisia spp),Viscidulin-A,,"[(3S,3aR,4S,6S,6aR,9aR,9bR)-3,9-dimethyl-2-oxospiro[3,3a,4,5,6a,7,9a,9b-octahydroazuleno[4,5-b]furan-6,2'-oxirane]-4-yl] acetate",,,,,,
,Deb Conner (BSU),Sagebrush (Artemisia spp),Viscidulin-B,,"[(1S,2S,5S,6R,7S,10R)-5,14-dimethyl-9-methylidene-4-oxo-3,13-dioxatetracyclo[8.4.0.02,6.012,14]tetradecan-7-yl] acetate",,,,,,
,Deb Conner (BSU),Sagebrush (Artemisia spp),Viscidulin-C,35191-38-9,"7-hydroxy-5,14-dimethyl-9-methylidene-3,13-dioxatetracyclo[8.4.0.02,6.012,14]tetradecan-4-one",,,,,,
,Deb Conner (BSU),Sagebrush (Artemisia spp),Tripartol,,,,,,,,
,Deb Conner (BSU),Sagebrush (Artemisia spp),Secondriol,,,,,,,,
,Deb Conner (BSU),Sagebrush (Artemisia spp),Secondrial,,,,,,,,
,Deb Conner (BSU),Sagebrush (Artemisia spp),Drimachone,,,,,,,,
,Deb Conner (BSU),Sagebrush (Artemisia spp),Longilobol,,,,,,,,
,Deb Conner (BSU),Sagebrush (Artemisia spp),Pygmol,41929-25-3,"(1S,2R,4aR,8R,8aS)-2-(2-hydroxypropan-2-yl)-4a,8-dimethyl-1,2,3,4,5,6,7,8a-octahydronaphthalene-1,8-diol",,,,,,
,Deb Conner (BSU),Sagebrush (Artemisia spp),Desacetoxymatricarin,17946-87-1,"(3S,3aS,9aS,9bS)-3,6,9-trimethyl-3,3a,4,5,9a,9b-hexahydroazuleno[4,5-b]furan-2,7-dione",,,,,,
,Deb Conner (BSU),Sagebrush (Artemisia spp),Ridentin,,"(3aS,7R,9S,10E,11aR)-7,9-dihydroxy-10-methyl-3,6-dimethylidene-4,5,7,8,9,11a-hexahydro-3aH-cyclodeca[b]furan-2-one",,,,,,
,Deb Conner (BSU),Sagebrush (Artemisia spp),"11,13- Dihydroarbusculin",,,,,,,,
,Deb Conner (BSU),Sagebrush (Artemisia spp),Achillin,,"(3R,3aS,9aS,9bS)-3,6,9-trimethyl-3,3a,4,5,9a,9b-hexahydroazuleno[4,5-b]furan-2,7-dione",,,,,,
,Deb Conner (BSU),Sagebrush (Artemisia spp),Alpha-bulnesene,3691-11-0,"(3S,3aS,5R)-3,8-dimethyl-5-prop-1-en-2-yl-1,2,3,3a,4,5,6,7-octahydroazulene",,,,,,
,Deb Conner (BSU),Sagebrush (Artemisia spp),Alpha-copaene,3856-25-5,"1,3-dimethyl-8-propan-2-yltricyclo[4.4.0.02,7]dec-3-ene",,,,,,
,Deb Conner (BSU),Sagebrush (Artemisia spp),Alpha-himachalene,3853-83-6,"(4aS,9aR)-3,5,5-trimethyl-9-methylidene-2,4a,6,7,8,9a-hexahydro-1H-benzo[7]annulene",,,,,,
,Deb Conner (BSU),Sagebrush (Artemisia spp),Alpha-humulene,6753-98-6,"(1E,4E,8E)-2,6,6,9-tetramethylcycloundeca-1,4,8-triene",,,,,,
,Deb Conner (BSU),Sagebrush (Artemisia spp),Alpha-ionone,127-41-3,"(E)-4-(2,6,6-trimethylcyclohex-2-en-1-yl)but-3-en-2-one",,,,,,
,Deb Conner (BSU),Sagebrush (Artemisia spp),Alpha-longipinene,,"2,6,6,9-tetramethyltricyclo[5.4.0.02,8]undec-9-ene",,,,,,
,Deb Conner (BSU),Sagebrush (Artemisia spp),Artecalin,,"(3aS,5aR,6R,9S,9bS)-6-hydroxy-5a,9-dimethyl-3-methylidene-3a,4,5,6,7,9,9a,9b-octahydrobenzo[g][1]benzofuran-2,8-dione",,,,,,
,Deb Conner (BSU),Sagebrush (Artemisia spp),Artemisin,481-05-0,"(3S,3aR,4S,5aS,9bS)-4-hydroxy-3,5a,9-trimethyl-3a,4,5,9b-tetrahydro-3H-benzo[g][1]benzofuran-2,8-dione",,,,,,
,Deb Conner (BSU),Sagebrush (Artemisia spp),Beta-caryophyllene,87-44-5,"(1R,4E,9S)-4,11,11-trimethyl-8-methylidenebicyclo[7.2.0]undec-4-ene",,,,,,
,Deb Conner (BSU),Sagebrush (Artemisia spp),Beta-chamigrene,18431-82-8,"(6R)-5,5,9-trimethyl-1-methylidenespiro[5.5]undec-9-ene",,,,,,
,Deb Conner (BSU),Sagebrush (Artemisia spp),Beta-copaen-4-alpha-ol,,"(4R,8R)-1-methyl-3-methylidene-8-propan-2-yltricyclo[4.4.0.02,7]decan-4-ol",,,,,,
,Deb Conner (BSU),Sagebrush (Artemisia spp),Beta-elemene,515-13-9,"(1S,2S,4R)-1-ethenyl-1-methyl-2,4-bis(prop-1-en-2-yl)cyclohexane",,,,,,
,Deb Conner (BSU),Sagebrush (Artemisia spp),Beta-gurjunene,3464-47-8,"(1aR,4R,4aR,7aR,7bR)-1,1,4-trimethyl-7-methylidene-2,3,4,4a,5,6,7a,7b-octahydro-1aH-cyclopropa[e]azulene",,,,,,
,Deb Conner (BSU),Sagebrush (Artemisia spp),Beta-himachalene,1461-03-06,"(4aR)-3,5,5,9-tetramethyl-1,2,4a,6,7,8-hexahydrobenzo[7]annulene",,,,,,
,Deb Conner (BSU),Sagebrush (Artemisia spp),Beta-selinene,,"(3R,4aS,8aR)-8a-methyl-5-methylidene-3-prop-1-en-2-yl-1,2,3,4,4a,6,7,8-octahydronaphthalene",,,,,,
,Deb Conner (BSU),Sagebrush (Artemisia spp),Bicyclogermacrene,,"(1S,2E,6E,10R)-3,7,11,11-tetramethylbicyclo[8.1.0]undeca-2,6-diene",,,,,,
,Deb Conner (BSU),Sagebrush (Artemisia spp),Cryptomeridiol,4666-84-6,"(1R,4aR,7R,8aR)-7-(2-hydroxypropan-2-yl)-1,4a-dimethyl-2,3,4,5,6,7,8,8a-octahydronaphthalen-1-ol",,,,,,
,Deb Conner (BSU),Sagebrush (Artemisia spp),Cyclosativene,,"1,2-dimethyl-8-propan-2-yltetracyclo[4.4.0.02,4.03,7]decane",,,,,,
,Deb Conner (BSU),Sagebrush (Artemisia spp),Dehydroleucodin,36150-07-09,"(3aS,9aS,9bS)-6,9-dimethyl-3-methylidene-4,5,9a,9b-tetrahydro-3aH-azuleno[4,5-b]furan-2,7-dione",,,,,,
,Deb Conner (BSU),Sagebrush (Artemisia spp),Dehydromatricarin,,"[(3aR,4S,9aS,9bR)-6,9-dimethyl-3-methylidene-2,7-dioxo-4,5,9a,9b-tetrahydro-3aH-azuleno[4,5-b]furan-4-yl] acetate",,,,,,
,Deb Conner (BSU),Sagebrush (Artemisia spp),Delta-cadiene,,,,,,,,
,Deb Conner (BSU),Sagebrush (Artemisia spp),Dentatin-A,75433-10-2,"(3aR,4S,5aR,6R,9aS,9bR)-4,6-dihydroxy-5a-methyl-3,9-dimethylidene-3a,4,5,6,7,8,9a,9b-octahydrobenzo[g][1]benzofuran-2-one",,,,,,
,Deb Conner (BSU),Sagebrush (Artemisia spp),Dentatin-B,,,,,,,,
,Deb Conner (BSU),Sagebrush (Artemisia spp),Drimartol B,,,,,,,,
,Deb Conner (BSU),Sagebrush (Artemisia spp),Epoxyfarnochrol,87688-13-9,"7-[(2E,6E)-9-(3,3-dimethyloxiran-2-yl)-3,7-dimethylnona-2,6-dienoxy]-6,8-dimethoxychromen-2-one",,,,,,
,Deb Conner (BSU),Sagebrush (Artemisia spp),Farnochrol,84652-32-4,"6,8-dimethoxy-7-[(2E,6E)-3,7,11-trimethyldodeca-2,6,10-trienoxy]chromen-2-one",,,,,,
,Deb Conner (BSU),Sagebrush (Artemisia spp),Gamma-curcumene,,"1-methyl-4-[(2R)-6-methylhept-5-en-2-yl]cyclohexa-1,3-diene",,,,,,
,Deb Conner (BSU),Sagebrush (Artemisia spp),Gamma-himachalene,53111-25-4,"2,5,9,9-tetramethyl-3,4,4a,7,8,9a-hexahydrobenzo[7]annulene",,,,,,
,Deb Conner (BSU),Sagebrush (Artemisia spp),Germacrene-D,,"(1Z,6Z,8S)-1-methyl-5-methylidene-8-propan-2-ylcyclodeca-1,6-diene",,,,,,
,Deb Conner (BSU),Sagebrush (Artemisia spp),Isophotosantonic lactone,,,,,,,,
,Deb Conner (BSU),Sagebrush (Artemisia spp),Longicyclene,1137-12-8,"2,6,6,9-tetramethyltetracyclo[5.4.0.02,9.08,10]undecane",,,,,,
,Deb Conner (BSU),Sagebrush (Artemisia spp),Longifolene,475-20-7,"3,3,7-trimethyl-8-methylidenetricyclo[5.4.0.02,9]undecane",,,,,,
,Deb Conner (BSU),Sagebrush (Artemisia spp),Nerolidol,7212-44-4,"(6E)-3,7,11-trimethyldodeca-1,6,10-trien-3-ol",,,,,,
,Deb Conner (BSU),Sagebrush (Artemisia spp),Parishin-A,62499-28-9,"tris[[4-[(2S,3R,4S,5S,6R)-3,4,5-trihydroxy-6-(hydroxymethyl)oxan-2-yl]oxyphenyl]methyl] 2-hydroxypropane-1,2,3-tricarboxylate",,,,,,
,Deb Conner (BSU),Sagebrush (Artemisia spp),Parishin-B,,"3-hydroxy-5-oxo-5-[[4-[(2S,3R,4S,5S,6R)-3,4,5-trihydroxy-6-(hydroxymethyl)oxan-2-yl]oxyphenyl]methoxy]-3-[[4-[(2S,3R,4S,5S,6R)-3,4,5-trihydroxy-6-(hydroxymethyl)oxan-2-yl]oxyphenyl]methoxycarbonyl]pentanoic acid",,,,,,
,Deb Conner (BSU),Sagebrush (Artemisia spp),Parishin-C,,"2-hydroxy-4-oxo-2-[2-oxo-2-[[4-[(2S,3R,4S,5S,6R)-3,4,5-trihydroxy-6-(hydroxymethyl)oxan-2-yl]oxyphenyl]methoxy]ethyl]-4-[[4-[(2S,3R,4S,5S,6R)-3,4,5-trihydroxy-6-(hydroxymethyl)oxan-2-yl]oxyphenyl]methoxy]butanoic acid",,,,,,
,Deb Conner (BSU),Sagebrush (Artemisia spp),Santonin,0481-06-01,"(3S,3aS,5aS,9bS)-3,5a,9-trimethyl-3a,4,5,9b-tetrahydro-3H-benzo[g][1]benzofuran-2,8-dione",,,,,,
,Deb Conner (BSU),Sagebrush (Artemisia spp),Silphinene,,"(1R,5S,8R,11R)-5,7,7,11-tetramethyltricyclo[6.3.0.01,5]undec-2-ene",,,,,,
,Deb Conner (BSU),Sagebrush (Artemisia spp),Spathulenol,6750-60-3,"(1aR,4aR,7S,7aR,7bR)-1,1,7-trimethyl-4-methylidene-1a,2,3,4a,5,6,7a,7b-octahydrocyclopropa[h]azulen-7-ol",,,,,,
,Deb Conner (BSU),Sagebrush (Artemisia spp),Tatridin-C,,,,,,,,
,Deb Conner (BSU),Sagebrush (Artemisia spp),Terelactone,,,,,,,,
,Deb Conner (BSU),Sagebrush (Artemisia spp),"Dihydroquercetin 7,30-dimethyl ether",,,,,,,,
,Deb Conner (BSU),Sagebrush (Artemisia spp),Artelin,66173-52-2,,,,,,,
,Deb Conner (BSU),Sagebrush (Artemisia spp),Esculin 7- methylether (methylesculin),,,,,,,,
,Deb Conner (BSU),Sagebrush (Artemisia spp),Esculin,531-75-9,"7-hydroxy-6-[(2S,3R,4S,5S,6R)-3,4,5-trihydroxy-6-(hydroxymethyl)oxan-2-yl]oxychromen-2-one",,,,,,
,Deb Conner (BSU),Sagebrush (Artemisia spp),Scopoletin (7- hydroxy-6- methoxycoumarin),92-61-5,7-hydroxy-6-methoxychromen-2-one,COC1=C(C=C2C(=C1)C=CC(=O)O2)O,,,,,
,Deb Conner (BSU),Sagebrush (Artemisia spp),Axillarin,5188-73-8,"2-(3,4-dihydroxyphenyl)-5,7-dihydroxy-3,6-dimethoxychromen-4-one",,,,,,
,Deb Conner (BSU),Sagebrush (Artemisia spp),Esculetin,0305-01-01,"6,7-dihydroxychromen-2-one",,,,,,
,Deb Conner (BSU),Sagebrush (Artemisia spp),Isoscopoletin,776-86-3,6-hydroxy-7-methoxychromen-2-one,,,,,,
,Deb Conner (BSU),Sagebrush (Artemisia spp),6-Beta-D-glucosyl-7- methoxycoumarin,,,,,,,,
,Deb Conner (BSU),Sagebrush (Artemisia spp),"5,4'Dihydroxy3,6,7,30- tetramethoxyflavone",,,,,,,,
,Deb Conner (BSU),Sagebrush (Artemisia spp),Apigenin,520-36-5,"5,7-dihydroxy-2-(4-hydroxyphenyl)chromen-4-one",,,,,,
,Deb Conner (BSU),Sagebrush (Artemisia spp),Apigenin 4'-methyl ether (acacetin),480-44-4,"5,7-dihydroxy-2-(4-methoxyphenyl)chromen-4-one",,,,,,
,Deb Conner (BSU),Sagebrush (Artemisia spp),Apigenin 7-Oglucoside,,"5-hydroxy-2-(4-hydroxyphenyl)-7-[(3R,4S,5S,6R)-3,4,5-trihydroxy-6-(hydroxymethyl)oxan-2-yl]oxychromen-4-one",,,,,,
,Deb Conner (BSU),Sagebrush (Artemisia spp),Cichoriin (esculetin 7-O-glucoside),531-58-8,"6-hydroxy-7-[(2S,3R,4S,5S,6R)-3,4,5-trihydroxy-6-(hydroxymethyl)oxan-2-yl]oxychromen-2-one",,,,,,
,Deb Conner (BSU),Sagebrush (Artemisia spp),Eupafolin,0520-11-6,"2-(3,4-dihydroxyphenyl)-5,7-dihydroxy-6-methoxychromen-4-one",,,,,,
,Deb Conner (BSU),Sagebrush (Artemisia spp),"Isofraxidin (7- hydroxy-6,8- dimethoxycoumarin)",,,,,,,,
,Deb Conner (BSU),Sagebrush (Artemisia spp),Kaempferol,520-18-3,"3,5,7-trihydroxy-2-(4-hydroxyphenyl)chromen-4-one",,,,,,
,Deb Conner (BSU),Sagebrush (Artemisia spp),Kaempferol 6- methyl ether,,,,,,,,
,Deb Conner (BSU),Sagebrush (Artemisia spp),Luteolin,491-70-3,"2-(3,4-dihydroxyphenyl)-5,7-dihydroxychromen-4-one",,,,,,
,Deb Conner (BSU),Sagebrush (Artemisia spp),Luteolin-7-Oglucoside,5373-11-5,"2-(3,4-dihydroxyphenyl)-5-hydroxy-7-[(2S,3R,4S,5S,6R)-3,4,5-trihydroxy-6-(hydroxymethyl)oxan-2-yl]oxychromen-4-one",,,,,,
,Deb Conner (BSU),Sagebrush (Artemisia spp),Magnoloside,,"[2-[2-(3,4-dihydroxyphenyl)ethoxy]-5-hydroxy-6-(hydroxymethyl)-3-(3,4,5-trihydroxy-6-methyloxan-2-yl)oxyoxan-4-yl] 3-(3,4-dihydroxyphenyl)prop-2-enoate",,,,,,
,Deb Conner (BSU),Sagebrush (Artemisia spp),Penduletin,569-80-2,"5-hydroxy-2-(4-hydroxyphenyl)-3,6,7-trimethoxychromen-4-one",,,,,,
,Deb Conner (BSU),Sagebrush (Artemisia spp),Quercetagetin,90-18-6,"2-(3,4-dihydroxyphenyl)-3,5,6,7-tetrahydroxychromen-4-one",,,,,,
,Deb Conner (BSU),Sagebrush (Artemisia spp),"Quercetagetin-3,6,7- trimethyl ether",14965-20-9,"2-(3,4-dihydroxyphenyl)-5-hydroxy-3,6,7-trimethoxychromen-4-one",,,,,,
,Deb Conner (BSU),Sagebrush (Artemisia spp),Quercetin,117-39-5,"2-(3,4-dihydroxyphenyl)-3,5,7-trihydroxychromen-4-one",,,,,,
,Deb Conner (BSU),Sagebrush (Artemisia spp),"Quercetin 7,30- dimethyl ether (Rhamnazine)",,,,,,,,
,Deb Conner (BSU),Sagebrush (Artemisia spp),Scoparone,0120-08-01,"6,7-dimethoxychromen-2-one",,,,,,
,Deb Conner (BSU),Sagebrush (Artemisia spp),Skimmin,93-39-0,"7-[(2S,3R,4S,5S,6R)-3,4,5-trihydroxy-6-(hydroxymethyl)oxan-2-yl]oxychromen-2-one",,,,,,
,Deb Conner (BSU),Sagebrush (Artemisia spp),Umbelliferone,93-35-6,7-hydroxychromen-2-one,,,,,,